recname,serial,name,altLoc,resname,chainID,resSeq,iCode,x,y,z,occupancy,tempFactor,element,charge,mass
ATOM,1,CA, ,MET,A,1, ,-147.648,42.851,-15.541,0.0,0.0,C,0.0,131.2
ATOM,2,CA, ,GLY,A,2, ,-145.92,40.021,-13.807,0.0,0.0,C,0.0,57.05
ATOM,3,CA, ,LYS,A,3, ,-142.334,39.608,-14.744,0.0,0.0,C,1.0,128.2
ATOM,4,CA, ,LYS,A,4, ,-140.306,36.49,-15.23,0.0,0.0,C,1.0,128.2
ATOM,5,CA, ,THR,A,5, ,-136.583,36.345,-15.21,0.0,0.0,C,0.0,101.1
ATOM,6,CA, ,LYS,A,6, ,-135.332,34.538,-18.262,0.0,0.0,C,1.0,128.2
ATOM,7,CA, ,ARG,A,7, ,-132.513,34.994,-20.697,0.0,0.0,C,1.0,156.2
ATOM,8,CA, ,THR,A,8, ,-131.296,32.66,-23.406,0.0,0.0,C,0.0,101.1
ATOM,9,CA, ,ALA,A,9, ,-128.11,34.508,-24.149,0.0,0.0,C,0.0,71.08
ATOM,10,CA, ,ASP,A,10, ,-126.832,38.071,-23.99,0.0,0.0,C,-1.0,115.1
ATOM,11,CA, ,SER,A,11, ,-124.06,38.103,-26.598,0.0,0.0,C,0.0,87.08
ATOM,12,CA, ,SER,A,12, ,-122.29,35.827,-29.04,0.0,0.0,C,0.0,87.08
ATOM,13,CA, ,SER,A,13, ,-118.946,37.485,-29.682,0.0,0.0,C,0.0,87.08
ATOM,14,CA, ,SER,A,14, ,-118.395,39.036,-26.275,0.0,0.0,C,0.0,87.08
ATOM,15,CA, ,GLU,A,15, ,-116.804,37.4,-23.249,0.0,0.0,C,-1.0,129.1
ATOM,16,CA, ,ASP,A,16, ,-118.42,36.895,-19.898,0.0,0.0,C,-1.0,115.1
ATOM,17,CA, ,GLU,A,17, ,-116.095,39.143,-17.967,0.0,0.0,C,-1.0,129.1
ATOM,18,CA, ,GLU,A,18, ,-112.503,40.221,-17.453,0.0,0.0,C,-1.0,129.1
ATOM,19,CA, ,GLU,A,19, ,-110.789,41.34,-14.309,0.0,0.0,C,-1.0,129.1
ATOM,20,CA, ,TYR,A,20, ,-107.467,41.584,-12.584,0.0,0.0,C,0.0,163.2
ATOM,21,CA, ,VAL,A,21, ,-107.181,38.803,-10.067,0.0,0.0,C,0.0,99.07
ATOM,22,CA, ,VAL,A,22, ,-104.237,37.585,-8.023,0.0,0.0,C,0.0,99.07
ATOM,23,CA, ,GLU,A,23, ,-102.249,34.807,-9.688,0.0,0.0,C,-1.0,129.1
ATOM,24,CA, ,LYS,A,24, ,-99.646,33.85,-7.097,0.0,0.0,C,1.0,128.2
ATOM,25,CA, ,VAL,A,25, ,-97.139,35.166,-4.548,0.0,0.0,C,0.0,99.07
ATOM,26,CA, ,LEU,A,26, ,-94.215,37.148,-5.931,0.0,0.0,C,0.0,113.2
ATOM,27,CA, ,ASP,A,27, ,-92.46,37.821,-2.636,0.0,0.0,C,-1.0,115.1
ATOM,28,CA, ,ARG,A,28, ,-92.839,38.092,1.123,0.0,0.0,C,1.0,156.2
ATOM,29,CA, ,ARG,A,29, ,-91.851,40.789,3.618,0.0,0.0,C,1.0,156.2
ATOM,30,CA, ,VAL,A,30, ,-92.954,42.512,6.809,0.0,0.0,C,0.0,99.07
ATOM,31,CA, ,VAL,A,31, ,-93.509,46.164,7.556,0.0,0.0,C,0.0,99.07
ATOM,32,CA, ,LYS,A,32, ,-94.703,48.116,10.573,0.0,0.0,C,1.0,128.2
ATOM,33,CA, ,GLY,A,33, ,-95.058,44.913,12.518,0.0,0.0,C,0.0,57.05
ATOM,34,CA, ,GLN,A,34, ,-97.429,43.639,9.887,0.0,0.0,C,0.0,128.1
ATOM,35,CA, ,VAL,A,35, ,-96.798,40.763,7.545,0.0,0.0,C,0.0,99.07
ATOM,36,CA, ,GLU,A,36, ,-97.058,41.785,3.922,0.0,0.0,C,-1.0,129.1
ATOM,37,CA, ,TYR,A,37, ,-97.214,39.576,0.852,0.0,0.0,C,0.0,163.2
ATOM,38,CA, ,LEU,A,38, ,-96.728,40.376,-2.798,0.0,0.0,C,0.0,113.2
ATOM,39,CA, ,LEU,A,39, ,-99.521,39.221,-5.037,0.0,0.0,C,0.0,113.2
ATOM,40,CA, ,LYS,A,40, ,-99.208,39.117,-8.788,0.0,0.0,C,1.0,128.2
ATOM,41,CA, ,TRP,A,41, ,-102.249,40.744,-10.269,0.0,0.0,C,0.0,186.2
ATOM,42,CA, ,LYS,A,42, ,-102.962,39.258,-13.647,0.0,0.0,C,1.0,128.2
ATOM,43,CA, ,GLY,A,43, ,-103.606,41.631,-16.488,0.0,0.0,C,0.0,57.05
ATOM,44,CA, ,PHE,A,44, ,-100.795,43.882,-15.345,0.0,0.0,C,0.0,147.2
ATOM,45,CA, ,SER,A,45, ,-97.035,44.208,-15.11,0.0,0.0,C,0.0,87.08
ATOM,46,CA, ,GLU,A,46, ,-94.609,44.268,-12.202,0.0,0.0,C,-1.0,129.1
ATOM,47,CA, ,GLU,A,47, ,-95.288,47.974,-11.979,0.0,0.0,C,-1.0,129.1
ATOM,48,CA, ,HIS,A,48, ,-98.67,47.028,-10.56,0.0,0.0,C,0.25,137.1
ATOM,49,CA, ,ASN,A,49, ,-97.132,44.858,-7.852,0.0,0.0,C,0.0,114.1
ATOM,50,CA, ,THR,A,50, ,-98.229,46.006,-4.406,0.0,0.0,C,0.0,101.1
ATOM,51,CA, ,TRP,A,51, ,-97.873,44.395,-1.002,0.0,0.0,C,0.0,186.2
ATOM,52,CA, ,GLU,A,52, ,-100.958,43.491,1.016,0.0,0.0,C,-1.0,129.1
ATOM,53,CA, ,PRO,A,53, ,-101.754,42.372,4.519,0.0,0.0,C,0.0,97.12
ATOM,54,CA, ,GLU,A,54, ,-101.895,38.657,5.274,0.0,0.0,C,-1.0,129.1
ATOM,55,CA, ,LYS,A,55, ,-104.706,39.16,7.72,0.0,0.0,C,1.0,128.2
ATOM,56,CA, ,ASN,A,56, ,-106.824,40.448,4.88,0.0,0.0,C,0.0,114.1
ATOM,57,CA, ,LEU,A,57, ,-106.117,37.545,2.561,0.0,0.0,C,0.0,113.2
ATOM,58,CA, ,ASP,A,58, ,-105.148,34.015,3.438,0.0,0.0,C,-1.0,115.1
ATOM,59,CA, ,CYS,A,59, ,-103.282,32.075,0.811,0.0,0.0,C,0.0,103.1
ATOM,60,CA, ,PRO,A,60, ,-101.314,29.326,2.432,0.0,0.0,C,0.0,97.12
ATOM,61,CA, ,GLU,A,61, ,-101.063,27.625,-0.93,0.0,0.0,C,-1.0,129.1
ATOM,62,CA, ,LEU,A,62, ,-98.869,30.317,-2.416,0.0,0.0,C,0.0,113.2
ATOM,63,CA, ,ILE,A,63, ,-96.705,30.725,0.661,0.0,0.0,C,0.0,113.2
ATOM,64,CA, ,SER,A,64, ,-96.215,27.024,1.177,0.0,0.0,C,0.0,87.08
ATOM,65,CA, ,GLU,A,65, ,-94.741,26.548,-2.281,0.0,0.0,C,-1.0,129.1
ATOM,66,CA, ,PHE,A,66, ,-93.118,29.97,-2.241,0.0,0.0,C,0.0,147.2
ATOM,67,CA, ,MET,A,67, ,-91.168,28.967,0.813,0.0,0.0,C,0.0,131.2
ATOM,68,CA, ,LYS,A,68, ,-89.124,26.594,-1.302,0.0,0.0,C,1.0,128.2
ATOM,69,CA, ,LYS,A,69, ,-88.492,29.361,-3.813,0.0,0.0,C,1.0,128.2
ATOM,70,CA, ,TYR,A,70, ,-87.223,31.669,-1.115,0.0,0.0,C,0.0,163.2
ATOM,71,CA, ,LYS,A,71, ,-84.539,29.16,-0.241,0.0,0.0,C,1.0,128.2
ATOM,72,CA, ,LYS,A,72, ,-83.232,28.809,-3.772,0.0,0.0,C,1.0,128.2
ATOM,73,CA, ,MET,A,73, ,-83.468,32.504,-4.423,0.0,0.0,C,0.0,131.2
ATOM,74,CA, ,LYS,A,74, ,-82.037,33.554,-1.134,0.0,0.0,C,1.0,128.2
ATOM,75,CA, ,GLU,A,75, ,-79.206,31.551,0.317,0.0,0.0,C,-1.0,129.1
ATOM,76,CA, ,GLY,A,76, ,-78.238,31.889,3.896,0.0,0.0,C,0.0,57.05
ATOM,77,CA, ,GLU,A,77, ,-78.772,29.188,6.469,0.0,0.0,C,-1.0,129.1
ATOM,78,CA, ,ASN,A,78, ,-80.642,26.086,7.404,0.0,0.0,C,0.0,114.1
ATOM,79,CA, ,ASN,A,79, ,-82.583,25.944,10.599,0.0,0.0,C,0.0,114.1
ATOM,80,CA, ,LYS,A,80, ,-84.953,23.212,11.471,0.0,0.0,C,1.0,128.2
ATOM,81,CA, ,PRO,A,81, ,-87.471,24.711,13.805,0.0,0.0,C,0.0,97.12
ATOM,82,CA, ,ARG,A,82, ,-90.792,23.021,14.067,0.0,0.0,C,1.0,156.2
ATOM,83,CA, ,GLU,A,83, ,-92.308,24.821,11.128,0.0,0.0,C,-1.0,129.1
ATOM,84,CA, ,LYS,A,84, ,-91.714,28.473,10.571,0.0,0.0,C,1.0,128.2
ATOM,85,CA, ,SER,A,85, ,-93.772,30.443,13.005,0.0,0.0,C,0.0,87.08
ATOM,86,CA, ,GLU,A,86, ,-91.591,33.446,13.847,0.0,0.0,C,-1.0,129.1
ATOM,87,CA, ,SER,A,87, ,-90.262,36.479,12.081,0.0,0.0,C,0.0,87.08
ATOM,88,CA, ,ASN,A,88, ,-87.621,35.894,9.488,0.0,0.0,C,0.0,114.1
ATOM,89,CA, ,LYS,A,89, ,-84.185,36.968,10.532,0.0,0.0,C,1.0,128.2
ATOM,90,CA, ,ARG,A,90, ,-82.478,39.248,8.105,0.0,0.0,C,1.0,156.2
ATOM,91,CA, ,LYS,A,91, ,-78.801,38.722,7.617,0.0,0.0,C,1.0,128.2
ATOM,92,CA, ,SER,A,92, ,-76.505,39.489,4.765,0.0,0.0,C,0.0,87.08
ATOM,93,CA, ,ASN,A,93, ,-73.232,37.818,4.079,0.0,0.0,C,0.0,114.1
ATOM,94,CA, ,PHE,A,94, ,-70.73,39.776,2.101,0.0,0.0,C,0.0,147.2
ATOM,95,CA, ,SER,A,95, ,-67.082,38.995,1.736,0.0,0.0,C,0.0,87.08
ATOM,96,CA, ,ASN,A,96, ,-64.734,41.427,3.341,0.0,0.0,C,0.0,114.1
ATOM,97,CA, ,SER,A,97, ,-61.757,42.435,1.307,0.0,0.0,C,0.0,87.08
ATOM,98,CA, ,ALA,A,98, ,-59.272,45.217,1.619,0.0,0.0,C,0.0,71.08
ATOM,99,CA, ,ASP,A,99, ,-56.88,46.511,-0.948,0.0,0.0,C,-1.0,115.1
ATOM,100,CA, ,ASP,A,100, ,-54.304,46.788,1.756,0.0,0.0,C,-1.0,115.1
ATOM,101,CA, ,ILE,A,101, ,-51.68,44.131,1.389,0.0,0.0,C,0.0,113.2
ATOM,102,CA, ,LYS,A,102, ,-48.256,44.365,2.883,0.0,0.0,C,1.0,128.2
ATOM,103,CA, ,SER,A,103, ,-45.563,42.64,0.927,0.0,0.0,C,0.0,87.08
ATOM,104,CA, ,LYS,A,104, ,-42.019,43.635,0.229,0.0,0.0,C,1.0,128.2
ATOM,105,CA, ,LYS,A,105, ,-39.754,41.698,-2.028,0.0,0.0,C,1.0,128.2
ATOM,106,CA, ,LYS,A,106, ,-36.487,42.923,-3.383,0.0,0.0,C,1.0,128.2
ATOM,107,CA, ,ARG,A,107, ,-33.302,40.979,-3.738,0.0,0.0,C,1.0,156.2
ATOM,108,CA, ,GLU,A,108, ,-30.39,42.552,-2.016,0.0,0.0,C,-1.0,129.1
ATOM,109,CA, ,GLN,A,109, ,-28.643,45.062,-4.239,0.0,0.0,C,0.0,128.1
ATOM,110,CA, ,SER,A,110, ,-30.177,46.281,-7.456,0.0,0.0,C,0.0,87.08
ATOM,111,CA, ,ASN,A,111, ,-27.374,44.72,-9.441,0.0,0.0,C,0.0,114.1
ATOM,112,CA, ,ASP,A,112, ,-28.314,41.328,-10.775,0.0,0.0,C,-1.0,115.1
ATOM,113,CA, ,ILE,A,113, ,-26.887,38.334,-8.989,0.0,0.0,C,0.0,113.2
ATOM,114,CA, ,ALA,A,114, ,-26.154,34.922,-10.353,0.0,0.0,C,0.0,71.08
ATOM,115,CA, ,ARG,A,115, ,-27.652,31.973,-8.65,0.0,0.0,C,1.0,156.2
ATOM,116,CA, ,GLY,A,116, ,-26.15,29.524,-6.202,0.0,0.0,C,0.0,57.05
ATOM,117,CA, ,PHE,A,117, ,-22.907,30.684,-4.684,0.0,0.0,C,0.0,147.2
ATOM,118,CA, ,GLU,A,118, ,-22.906,33.836,-6.696,0.0,0.0,C,-1.0,129.1
ATOM,119,CA, ,ARG,A,119, ,-22.177,36.064,-3.665,0.0,0.0,C,1.0,156.2
ATOM,120,CA, ,GLY,A,120, ,-20.061,33.751,-1.585,0.0,0.0,C,0.0,57.05
ATOM,121,CA, ,LEU,A,121, ,-22.618,33.862,1.201,0.0,0.0,C,0.0,113.2
ATOM,122,CA, ,GLU,A,122, ,-22.483,31.124,3.813,0.0,0.0,C,-1.0,129.1
ATOM,123,CA, ,PRO,A,123, ,-24.283,27.988,2.732,0.0,0.0,C,0.0,97.12
ATOM,124,CA, ,GLU,A,124, ,-26.726,27.237,5.474,0.0,0.0,C,-1.0,129.1
ATOM,125,CA, ,LYS,A,125, ,-28.0,23.816,4.71,0.0,0.0,C,1.0,128.2
ATOM,126,CA, ,ILE,A,126, ,-29.384,21.637,1.976,0.0,0.0,C,0.0,113.2
ATOM,127,CA, ,ILE,A,127, ,-33.136,21.371,2.309,0.0,0.0,C,0.0,113.2
ATOM,128,CA, ,GLY,A,128, ,-33.962,19.442,-0.845,0.0,0.0,C,0.0,57.05
ATOM,129,CA, ,ALA,A,129, ,-32.532,17.522,-3.782,0.0,0.0,C,0.0,71.08
ATOM,130,CA, ,THR,A,130, ,-33.789,16.615,-7.22,0.0,0.0,C,0.0,101.1
ATOM,131,CA, ,ASP,A,131, ,-32.498,15.284,-10.51,0.0,0.0,C,-1.0,115.1
ATOM,132,CA, ,SER,A,132, ,-35.017,16.784,-12.911,0.0,0.0,C,0.0,87.08
ATOM,133,CA, ,CYS,A,133, ,-32.61,17.132,-15.815,0.0,0.0,C,0.0,103.1
ATOM,134,CA, ,GLY,A,134, ,-30.58,14.054,-15.213,0.0,0.0,C,0.0,57.05
ATOM,135,CA, ,ASP,A,135, ,-28.208,16.169,-13.146,0.0,0.0,C,-1.0,115.1
ATOM,136,CA, ,LEU,A,136, ,-28.424,16.316,-9.376,0.0,0.0,C,0.0,113.2
ATOM,137,CA, ,MET,A,137, ,-29.495,19.638,-7.99,0.0,0.0,C,0.0,131.2
ATOM,138,CA, ,PHE,A,138, ,-29.587,20.645,-4.381,0.0,0.0,C,0.0,147.2
ATOM,139,CA, ,LEU,A,139, ,-31.941,23.263,-3.105,0.0,0.0,C,0.0,113.2
ATOM,140,CA, ,MET,A,140, ,-29.571,25.416,-1.13,0.0,0.0,C,0.0,131.2
ATOM,141,CA, ,LYS,A,141, ,-30.734,27.511,1.744,0.0,0.0,C,1.0,128.2
ATOM,142,CA, ,TRP,A,142, ,-28.79,30.676,2.084,0.0,0.0,C,0.0,186.2
ATOM,143,CA, ,LYS,A,143, ,-28.121,32.933,4.958,0.0,0.0,C,1.0,128.2
ATOM,144,CA, ,ASP,A,144, ,-29.824,36.284,4.18,0.0,0.0,C,-1.0,115.1
ATOM,145,CA, ,THR,A,145, ,-30.081,35.66,0.482,0.0,0.0,C,0.0,101.1
ATOM,146,CA, ,ASP,A,146, ,-33.325,34.689,-1.237,0.0,0.0,C,-1.0,115.1
ATOM,147,CA, ,GLU,A,147, ,-33.239,31.35,0.393,0.0,0.0,C,-1.0,129.1
ATOM,148,CA, ,ALA,A,148, ,-33.71,28.201,-1.616,0.0,0.0,C,0.0,71.08
ATOM,149,CA, ,ASP,A,149, ,-31.96,28.0,-5.005,0.0,0.0,C,-1.0,115.1
ATOM,150,CA, ,LEU,A,150, ,-31.1,25.057,-7.24,0.0,0.0,C,0.0,113.2
ATOM,151,CA, ,VAL,A,151, ,-27.423,24.217,-7.652,0.0,0.0,C,0.0,99.07
ATOM,152,CA, ,LEU,A,152, ,-25.632,21.335,-9.338,0.0,0.0,C,0.0,113.2
ATOM,153,CA, ,ALA,A,153, ,-24.318,18.764,-6.925,0.0,0.0,C,0.0,71.08
ATOM,154,CA, ,LYS,A,154, ,-20.953,18.838,-8.576,0.0,0.0,C,1.0,128.2
ATOM,155,CA, ,GLU,A,155, ,-20.708,22.574,-7.891,0.0,0.0,C,-1.0,129.1
ATOM,156,CA, ,ALA,A,156, ,-22.032,22.341,-4.362,0.0,0.0,C,0.0,71.08
ATOM,157,CA, ,ASN,A,157, ,-19.519,19.642,-3.673,0.0,0.0,C,0.0,114.1
ATOM,158,CA, ,VAL,A,158, ,-16.689,21.974,-4.484,0.0,0.0,C,0.0,99.07
ATOM,159,CA, ,LYS,A,159, ,-18.01,24.959,-2.586,0.0,0.0,C,1.0,128.2
ATOM,160,CA, ,CYS,A,160, ,-19.121,23.248,0.595,0.0,0.0,C,0.0,103.1
ATOM,161,CA, ,PRO,A,161, ,-18.431,19.557,0.851,0.0,0.0,C,0.0,97.12
ATOM,162,CA, ,GLN,A,162, ,-19.179,19.505,4.546,0.0,0.0,C,0.0,128.1
ATOM,163,CA, ,ILE,A,163, ,-22.694,20.727,3.964,0.0,0.0,C,0.0,113.2
ATOM,164,CA, ,VAL,A,164, ,-23.397,18.162,1.268,0.0,0.0,C,0.0,99.07
ATOM,165,CA, ,ILE,A,165, ,-21.895,15.379,3.327,0.0,0.0,C,0.0,113.2
ATOM,166,CA, ,ALA,A,166, ,-23.936,16.374,6.335,0.0,0.0,C,0.0,71.08
ATOM,167,CA, ,PHE,A,167, ,-27.053,16.335,4.221,0.0,0.0,C,0.0,147.2
ATOM,168,CA, ,TYR,A,168, ,-26.662,12.743,3.179,0.0,0.0,C,0.0,163.2
ATOM,169,CA, ,GLU,A,169, ,-25.594,11.531,6.592,0.0,0.0,C,-1.0,129.1
ATOM,170,CA, ,GLU,A,170, ,-28.648,12.812,8.387,0.0,0.0,C,-1.0,129.1
ATOM,171,CA, ,ARG,A,171, ,-30.887,11.536,5.649,0.0,0.0,C,1.0,156.2
ATOM,172,CA, ,LEU,A,172, ,-29.713,7.942,5.893,0.0,0.0,C,0.0,113.2
ATOM,173,CA, ,THR,A,173, ,-32.428,5.412,6.33,0.0,0.0,C,0.0,101.1
ATOM,174,CA, ,TRP,A,174, ,-30.728,2.172,6.764,0.0,0.0,C,0.0,186.2
ATOM,175,CA, ,HIS,A,175, ,-32.03,-0.792,4.868,0.0,0.0,C,0.25,137.1
ATOM,176,CA, ,ALA,A,176, ,-31.866,-3.986,6.817,0.0,0.0,C,0.0,71.08
ATOM,177,CA, ,TYR,A,177, ,-28.981,-6.357,6.337,0.0,0.0,C,0.0,163.2
ATOM,178,CA, ,PRO,A,178, ,-30.058,-9.802,5.467,0.0,0.0,C,0.0,97.12
ATOM,179,CA, ,GLU,A,179, ,-28.943,-12.583,7.749,0.0,0.0,C,-1.0,129.1
ATOM,180,CA, ,ASP,A,180, ,-28.645,-14.858,4.77,0.0,0.0,C,-1.0,115.1
ATOM,181,CA, ,ALA,A,181, ,-28.437,-17.522,7.389,0.0,0.0,C,0.0,71.08
ATOM,182,CA, ,GLU,A,182, ,-30.726,-20.468,7.644,0.0,0.0,C,-1.0,129.1
ATOM,183,CA, ,ASN,A,183, ,-31.806,-21.528,11.07,0.0,0.0,C,0.0,114.1
ATOM,184,CA, ,LYS,A,184, ,-34.328,-24.161,11.919,0.0,0.0,C,1.0,128.2
ATOM,185,CA, ,GLU,A,185, ,-36.254,-23.889,15.124,0.0,0.0,C,-1.0,129.1
ATOM,186,CA, ,LYS,A,186, ,-39.468,-25.391,16.369,0.0,0.0,C,1.0,128.2
ATOM,187,CA, ,GLU,A,187, ,-39.282,-27.692,13.42,0.0,0.0,C,-1.0,129.1
ATOM,188,CA, ,THR,A,188, ,-42.452,-29.64,12.993,0.0,0.0,C,0.0,101.1
ATOM,189,CA, ,ALA,A,189, ,-42.224,-33.363,13.329,0.0,0.0,C,0.0,71.08
ATOM,190,CA, ,LYS,A,190, ,-44.518,-35.99,11.966,0.0,0.0,C,1.0,128.2
ATOM,191,CA, ,SER,A,191, ,-46.345,-37.984,14.559,0.0,0.0,C,0.0,87.08
ATOM,192,CA, ,MET,B,1, ,-36.428,-114.146,17.022,0.0,0.0,C,0.0,131.2
ATOM,193,CA, ,GLY,B,2, ,-38.647,-111.638,15.351,0.0,0.0,C,0.0,57.05
ATOM,194,CA, ,LYS,B,3, ,-37.728,-108.087,16.026,0.0,0.0,C,1.0,128.2
ATOM,195,CA, ,LYS,B,4, ,-39.911,-105.085,16.559,0.0,0.0,C,1.0,128.2
ATOM,196,CA, ,THR,B,5, ,-38.782,-101.548,16.252,0.0,0.0,C,0.0,101.1
ATOM,197,CA, ,LYS,B,6, ,-39.769,-99.593,19.311,0.0,0.0,C,1.0,128.2
ATOM,198,CA, ,ARG,B,7, ,-38.16,-96.984,21.476,0.0,0.0,C,1.0,156.2
ATOM,199,CA, ,THR,B,8, ,-39.684,-94.898,24.232,0.0,0.0,C,0.0,101.1
ATOM,200,CA, ,ALA,B,9, ,-36.802,-92.513,24.591,0.0,0.0,C,0.0,71.08
ATOM,201,CA, ,ASP,B,10, ,-33.048,-92.556,24.089,0.0,0.0,C,-1.0,115.1
ATOM,202,CA, ,SER,B,11, ,-31.837,-89.835,26.46,0.0,0.0,C,0.0,87.08
ATOM,203,CA, ,SER,B,12, ,-33.141,-87.265,28.901,0.0,0.0,C,0.0,87.08
ATOM,204,CA, ,SER,B,13, ,-30.393,-84.671,29.161,0.0,0.0,C,0.0,87.08
ATOM,205,CA, ,SER,B,14, ,-29.065,-84.866,25.623,0.0,0.0,C,0.0,87.08
ATOM,206,CA, ,GLU,B,15, ,-30.331,-82.966,22.598,0.0,0.0,C,-1.0,129.1
ATOM,207,CA, ,ASP,B,16, ,-31.659,-84.478,19.428,0.0,0.0,C,-1.0,115.1
ATOM,208,CA, ,GLU,B,17, ,-28.941,-83.176,17.17,0.0,0.0,C,-1.0,129.1
ATOM,209,CA, ,GLU,B,18, ,-26.756,-80.21,16.299,0.0,0.0,C,-1.0,129.1
ATOM,210,CA, ,GLU,B,19, ,-25.412,-79.153,12.96,0.0,0.0,C,-1.0,129.1
ATOM,211,CA, ,TYR,B,20, ,-24.212,-76.214,10.963,0.0,0.0,C,0.0,163.2
ATOM,212,CA, ,VAL,B,21, ,-26.947,-75.113,8.625,0.0,0.0,C,0.0,99.07
ATOM,213,CA, ,VAL,B,22, ,-27.271,-72.04,6.441,0.0,0.0,C,0.0,99.07
ATOM,214,CA, ,GLU,B,23, ,-29.043,-69.131,8.127,0.0,0.0,C,-1.0,129.1
ATOM,215,CA, ,LYS,B,24, ,-29.29,-66.494,5.407,0.0,0.0,C,1.0,128.2
ATOM,216,CA, ,VAL,B,25, ,-27.437,-64.732,2.584,0.0,0.0,C,0.0,99.07
ATOM,217,CA, ,LEU,B,26, ,-24.461,-62.606,3.591,0.0,0.0,C,0.0,113.2
ATOM,218,CA, ,ASP,B,27, ,-23.535,-61.365,0.129,0.0,0.0,C,-1.0,115.1
ATOM,219,CA, ,ARG,B,28, ,-23.753,-62.006,-3.598,0.0,0.0,C,1.0,156.2
ATOM,220,CA, ,ARG,B,29, ,-21.121,-62.142,-6.342,0.0,0.0,C,1.0,156.2
ATOM,221,CA, ,VAL,B,30, ,-20.175,-63.935,-9.544,0.0,0.0,C,0.0,99.07
ATOM,222,CA, ,VAL,B,31, ,-17.014,-65.756,-10.491,0.0,0.0,C,0.0,99.07
ATOM,223,CA, ,LYS,B,32, ,-15.869,-67.704,-13.529,0.0,0.0,C,1.0,128.2
ATOM,224,CA, ,GLY,B,33, ,-19.164,-67.03,-15.217,0.0,0.0,C,0.0,57.05
ATOM,225,CA, ,GLN,B,34, ,-20.923,-68.676,-12.325,0.0,0.0,C,0.0,128.1
ATOM,226,CA, ,VAL,B,35, ,-23.187,-66.97,-9.851,0.0,0.0,C,0.0,99.07
ATOM,227,CA, ,GLU,B,36, ,-21.988,-67.38,-6.296,0.0,0.0,C,-1.0,129.1
ATOM,228,CA, ,TYR,B,37, ,-23.829,-66.604,-3.08,0.0,0.0,C,0.0,163.2
ATOM,229,CA, ,LEU,B,38, ,-22.581,-66.238,0.456,0.0,0.0,C,0.0,113.2
ATOM,230,CA, ,LEU,B,39, ,-24.408,-68.341,2.984,0.0,0.0,C,0.0,113.2
ATOM,231,CA, ,LYS,B,40, ,-24.056,-67.818,6.696,0.0,0.0,C,1.0,128.2
ATOM,232,CA, ,TRP,B,41, ,-23.433,-71.153,8.302,0.0,0.0,C,0.0,186.2
ATOM,233,CA, ,LYS,B,42, ,-24.759,-71.134,11.818,0.0,0.0,C,1.0,128.2
ATOM,234,CA, ,GLY,B,43, ,-22.498,-72.411,14.534,0.0,0.0,C,0.0,57.05
ATOM,235,CA, ,PHE,B,44, ,-19.539,-70.614,13.021,0.0,0.0,C,0.0,147.2
ATOM,236,CA, ,SER,B,45, ,-17.976,-67.216,12.465,0.0,0.0,C,0.0,87.08
ATOM,237,CA, ,GLU,B,46, ,-17.36,-65.114,9.375,0.0,0.0,C,-1.0,129.1
ATOM,238,CA, ,GLU,B,47, ,-14.142,-67.042,8.955,0.0,0.0,C,-1.0,129.1
ATOM,239,CA, ,HIS,B,48, ,-16.308,-69.957,7.879,0.0,0.0,C,0.25,137.1
ATOM,240,CA, ,ASN,B,49, ,-18.062,-67.905,5.21,0.0,0.0,C,0.0,114.1
ATOM,241,CA, ,THR,B,50, ,-17.676,-69.508,1.792,0.0,0.0,C,0.0,101.1
ATOM,242,CA, ,TRP,B,51, ,-19.373,-68.792,-1.512,0.0,0.0,C,0.0,186.2
ATOM,243,CA, ,GLU,B,52, ,-21.454,-71.475,-3.212,0.0,0.0,C,-1.0,129.1
ATOM,244,CA, ,PRO,B,53, ,-23.092,-72.014,-6.556,0.0,0.0,C,0.0,97.12
ATOM,245,CA, ,GLU,B,54, ,-26.684,-70.901,-7.043,0.0,0.0,C,-1.0,129.1
ATOM,246,CA, ,LYS,B,55, ,-27.393,-73.834,-9.285,0.0,0.0,C,1.0,128.2
ATOM,247,CA, ,ASN,B,56, ,-26.65,-76.117,-6.379,0.0,0.0,C,0.0,114.1
ATOM,248,CA, ,LEU,B,57, ,-28.914,-74.332,-3.932,0.0,0.0,C,0.0,113.2
ATOM,249,CA, ,ASP,B,58, ,-31.969,-72.249,-4.642,0.0,0.0,C,-1.0,115.1
ATOM,250,CA, ,CYS,B,59, ,-32.909,-69.695,-2.046,0.0,0.0,C,0.0,103.1
ATOM,251,CA, ,PRO,B,60, ,-34.96,-66.984,-3.628,0.0,0.0,C,0.0,97.12
ATOM,252,CA, ,GLU,B,61, ,-36.161,-65.989,-0.189,0.0,0.0,C,-1.0,129.1
ATOM,253,CA, ,LEU,B,62, ,-32.758,-64.787,0.93,0.0,0.0,C,0.0,113.2
ATOM,254,CA, ,ILE,B,63, ,-31.922,-63.059,-2.33,0.0,0.0,C,0.0,113.2
ATOM,255,CA, ,SER,B,64, ,-35.265,-61.347,-2.63,0.0,0.0,C,0.0,87.08
ATOM,256,CA, ,GLU,B,65, ,-34.894,-59.623,0.724,0.0,0.0,C,-1.0,129.1
ATOM,257,CA, ,PHE,B,66, ,-31.143,-59.287,0.322,0.0,0.0,C,0.0,147.2
ATOM,258,CA, ,MET,B,67, ,-31.696,-57.271,-2.803,0.0,0.0,C,0.0,131.2
ATOM,259,CA, ,LYS,B,68, ,-33.029,-54.427,-0.701,0.0,0.0,C,1.0,128.2
ATOM,260,CA, ,LYS,B,69, ,-29.995,-54.661,1.558,0.0,0.0,C,1.0,128.2
ATOM,261,CA, ,TYR,B,70, ,-27.649,-54.41,-1.384,0.0,0.0,C,0.0,163.2
ATOM,262,CA, ,LYS,B,71, ,-29.164,-51.073,-2.296,0.0,0.0,C,1.0,128.2
ATOM,263,CA, ,LYS,B,72, ,-28.725,-49.545,1.135,0.0,0.0,C,1.0,128.2
ATOM,264,CA, ,MET,B,73, ,-25.289,-51.009,1.55,0.0,0.0,C,0.0,131.2
ATOM,265,CA, ,LYS,B,74, ,-24.12,-50.201,-1.907,0.0,0.0,C,1.0,128.2
ATOM,266,CA, ,GLU,B,75, ,-25.162,-46.931,-3.439,0.0,0.0,C,-1.0,129.1
ATOM,267,CA, ,GLY,B,76, ,-24.843,-46.325,-7.099,0.0,0.0,C,0.0,57.05
ATOM,268,CA, ,GLU,B,77, ,-27.788,-46.024,-9.431,0.0,0.0,C,-1.0,129.1
ATOM,269,CA, ,ASN,B,78, ,-31.413,-46.752,-10.001,0.0,0.0,C,0.0,114.1
ATOM,270,CA, ,ASN,B,79, ,-32.497,-48.687,-13.014,0.0,0.0,C,0.0,114.1
ATOM,271,CA, ,LYS,B,80, ,-35.941,-50.008,-13.506,0.0,0.0,C,1.0,128.2
ATOM,272,CA, ,PRO,B,81, ,-35.607,-53.005,-15.729,0.0,0.0,C,0.0,97.12
ATOM,273,CA, ,ARG,B,82, ,-38.343,-55.546,-15.609,0.0,0.0,C,1.0,156.2
ATOM,274,CA, ,GLU,B,83, ,-36.907,-57.437,-12.688,0.0,0.0,C,-1.0,129.1
ATOM,275,CA, ,LYS,B,84, ,-33.235,-58.114,-12.43,0.0,0.0,C,1.0,128.2
ATOM,276,CA, ,SER,B,85, ,-32.314,-60.849,-14.82,0.0,0.0,C,0.0,87.08
ATOM,277,CA, ,GLU,B,86, ,-28.839,-59.887,-16.035,0.0,0.0,C,-1.0,129.1
ATOM,278,CA, ,SER,B,87, ,-25.386,-59.599,-14.592,0.0,0.0,C,0.0,87.08
ATOM,279,CA, ,ASN,B,88, ,-24.798,-56.788,-12.184,0.0,0.0,C,0.0,114.1
ATOM,280,CA, ,LYS,B,89, ,-22.719,-53.994,-13.569,0.0,0.0,C,1.0,128.2
ATOM,281,CA, ,ARG,B,90, ,-19.783,-53.059,-11.447,0.0,0.0,C,1.0,156.2
ATOM,282,CA, ,LYS,B,91, ,-18.98,-49.406,-11.219,0.0,0.0,C,1.0,128.2
ATOM,283,CA, ,SER,B,92, ,-17.22,-47.373,-8.618,0.0,0.0,C,0.0,87.08
ATOM,284,CA, ,ASN,B,93, ,-17.608,-43.693,-8.083,0.0,0.0,C,0.0,114.1
ATOM,285,CA, ,PHE,B,94, ,-14.744,-41.925,-6.448,0.0,0.0,C,0.0,147.2
ATOM,286,CA, ,SER,B,95, ,-14.201,-38.217,-6.323,0.0,0.0,C,0.0,87.08
ATOM,287,CA, ,ASN,B,96, ,-11.271,-36.941,-8.272,0.0,0.0,C,0.0,114.1
ATOM,288,CA, ,SER,B,97, ,-9.13,-34.395,-6.555,0.0,0.0,C,0.0,87.08
ATOM,289,CA, ,ALA,B,98, ,-5.709,-33.044,-7.253,0.0,0.0,C,0.0,71.08
ATOM,290,CA, ,ASP,B,99, ,-3.45,-31.119,-4.978,0.0,0.0,C,-1.0,115.1
ATOM,291,CA, ,ASP,B,100, ,-2.561,-28.94,-7.892,0.0,0.0,C,-1.0,115.1
ATOM,292,CA, ,ILE,B,101, ,-4.121,-25.544,-7.556,0.0,0.0,C,0.0,113.2
ATOM,293,CA, ,LYS,B,102, ,-2.873,-22.494,-9.331,0.0,0.0,C,1.0,128.2
ATOM,294,CA, ,SER,B,103, ,-3.393,-19.274,-7.482,0.0,0.0,C,0.0,87.08
ATOM,295,CA, ,LYS,B,104, ,-1.193,-16.261,-7.138,0.0,0.0,C,1.0,128.2
ATOM,296,CA, ,LYS,B,105, ,-2.028,-13.353,-4.943,0.0,0.0,C,1.0,128.2
ATOM,297,CA, ,LYS,B,106, ,0.353,-10.645,-3.939,0.0,0.0,C,1.0,128.2
ATOM,298,CA, ,ARG,B,107, ,-0.35,-6.972,-3.708,0.0,0.0,C,1.0,156.2
ATOM,299,CA, ,GLU,B,108, ,1.956,-4.875,-5.76,0.0,0.0,C,-1.0,129.1
ATOM,300,CA, ,GLN,B,109, ,5.102,-3.992,-3.859,0.0,0.0,C,0.0,128.1
ATOM,301,CA, ,SER,B,110, ,6.015,-5.684,-0.62,0.0,0.0,C,0.0,87.08
ATOM,302,CA, ,ASN,B,111, ,5.689,-2.417,1.236,0.0,0.0,C,0.0,114.1
ATOM,303,CA, ,ASP,B,112, ,2.316,-2.056,2.869,0.0,0.0,C,-1.0,115.1
ATOM,304,CA, ,ILE,B,113, ,-0.164,0.224,1.182,0.0,0.0,C,0.0,113.2
ATOM,305,CA, ,ALA,B,114, ,-2.983,2.16,2.712,0.0,0.0,C,0.0,71.08
ATOM,306,CA, ,ARG,B,115, ,-6.408,1.688,1.338,0.0,0.0,C,1.0,156.2
ATOM,307,CA, ,GLY,B,116, ,-8.412,3.816,-1.05,0.0,0.0,C,0.0,57.05
ATOM,308,CA, ,PHE,B,117, ,-6.362,6.376,-2.897,0.0,0.0,C,0.0,147.2
ATOM,309,CA, ,GLU,B,118, ,-3.228,5.391,-1.11,0.0,0.0,C,-1.0,129.1
ATOM,310,CA, ,ARG,B,119, ,-1.171,5.147,-4.334,0.0,0.0,C,1.0,156.2
ATOM,311,CA, ,GLY,B,120, ,-2.806,7.822,-6.414,0.0,0.0,C,0.0,57.05
ATOM,312,CA, ,LEU,B,121, ,-3.826,5.244,-8.988,0.0,0.0,C,0.0,113.2
ATOM,313,CA, ,GLU,B,122, ,-6.581,6.183,-11.41,0.0,0.0,C,-1.0,129.1
ATOM,314,CA, ,PRO,B,123, ,-10.03,5.636,-9.979,0.0,0.0,C,0.0,97.12
ATOM,315,CA, ,GLU,B,124, ,-11.814,3.466,-12.459,0.0,0.0,C,-1.0,129.1
ATOM,316,CA, ,LYS,B,125, ,-15.379,3.494,-11.366,0.0,0.0,C,1.0,128.2
ATOM,317,CA, ,ILE,B,126, ,-17.64,3.092,-8.388,0.0,0.0,C,0.0,113.2
ATOM,318,CA, ,ILE,B,127, ,-19.196,-0.35,-8.402,0.0,0.0,C,0.0,113.2
ATOM,319,CA, ,GLY,B,128, ,-20.995,-0.294,-5.068,0.0,0.0,C,0.0,57.05
ATOM,320,CA, ,ALA,B,129, ,-22.037,1.861,-2.131,0.0,0.0,C,0.0,71.08
ATOM,321,CA, ,THR,B,130, ,-23.0,1.173,1.45,0.0,0.0,C,0.0,101.1
ATOM,322,CA, ,ASP,B,131, ,-23.506,3.013,4.71,0.0,0.0,C,-1.0,115.1
ATOM,323,CA, ,SER,B,132, ,-22.74,0.257,7.196,0.0,0.0,C,0.0,87.08
ATOM,324,CA, ,CYS,B,133, ,-21.331,2.543,9.868,0.0,0.0,C,0.0,103.1
ATOM,325,CA, ,GLY,B,134, ,-23.576,5.477,9.317,0.0,0.0,C,0.0,57.05
ATOM,326,CA, ,ASP,B,135, ,-20.977,6.862,6.928,0.0,0.0,C,-1.0,115.1
ATOM,327,CA, ,LEU,B,136, ,-21.258,6.415,3.187,0.0,0.0,C,0.0,113.2
ATOM,328,CA, ,MET,B,137, ,-18.64,4.191,1.668,0.0,0.0,C,0.0,131.2
ATOM,329,CA, ,PHE,B,138, ,-18.058,3.571,-1.983,0.0,0.0,C,0.0,147.2
ATOM,330,CA, ,LEU,B,139, ,-16.525,0.395,-3.242,0.0,0.0,C,0.0,113.2
ATOM,331,CA, ,MET,B,140, ,-13.883,1.77,-5.542,0.0,0.0,C,0.0,131.2
ATOM,332,CA, ,LYS,B,141, ,-12.581,-0.192,-8.449,0.0,0.0,C,1.0,128.2
ATOM,333,CA, ,TRP,B,142, ,-8.989,0.518,-9.157,0.0,0.0,C,0.0,186.2
ATOM,334,CA, ,LYS,B,143, ,-6.911,0.217,-12.222,0.0,0.0,C,1.0,128.2
ATOM,335,CA, ,ASP,B,144, ,-4.283,-2.497,-11.541,0.0,0.0,C,-1.0,115.1
ATOM,336,CA, ,THR,B,145, ,-4.617,-2.333,-7.8,0.0,0.0,C,0.0,101.1
ATOM,337,CA, ,ASP,B,146, ,-6.473,-4.947,-5.766,0.0,0.0,C,-1.0,115.1
ATOM,338,CA, ,GLU,B,147, ,-9.717,-3.797,-7.167,0.0,0.0,C,-1.0,129.1
ATOM,339,CA, ,ALA,B,148, ,-12.641,-3.046,-4.917,0.0,0.0,C,0.0,71.08
ATOM,340,CA, ,ASP,B,149, ,-11.924,-1.163,-1.673,0.0,0.0,C,-1.0,115.1
ATOM,341,CA, ,LEU,B,150, ,-14.182,0.775,0.681,0.0,0.0,C,0.0,113.2
ATOM,342,CA, ,VAL,B,151, ,-13.68,4.533,0.855,0.0,0.0,C,0.0,99.07
ATOM,343,CA, ,LEU,B,152, ,-15.614,7.294,2.585,0.0,0.0,C,0.0,113.2
ATOM,344,CA, ,ALA,B,153, ,-17.793,9.289,0.255,0.0,0.0,C,0.0,71.08
ATOM,345,CA, ,LYS,B,154, ,-16.428,12.501,1.623,0.0,0.0,C,1.0,128.2
ATOM,346,CA, ,GLU,B,155, ,-12.911,11.405,0.669,0.0,0.0,C,-1.0,129.1
ATOM,347,CA, ,ALA,B,156, ,-13.902,10.063,-2.719,0.0,0.0,C,0.0,71.08
ATOM,348,CA, ,ASN,B,157, ,-15.635,13.314,-3.421,0.0,0.0,C,0.0,114.1
ATOM,349,CA, ,VAL,B,158, ,-12.416,15.202,-2.999,0.0,0.0,C,0.0,99.07
ATOM,350,CA, ,LYS,B,159, ,-10.245,12.834,-4.984,0.0,0.0,C,1.0,128.2
ATOM,351,CA, ,CYS,B,160, ,-12.514,12.222,-7.942,0.0,0.0,C,0.0,103.1
ATOM,352,CA, ,PRO,B,161, ,-15.757,14.131,-8.002,0.0,0.0,C,0.0,97.12
ATOM,353,CA, ,GLN,B,162, ,-16.398,13.257,-11.613,0.0,0.0,C,0.0,128.1
ATOM,354,CA, ,ILE,B,163, ,-16.397,9.572,-10.837,0.0,0.0,C,0.0,113.2
ATOM,355,CA, ,VAL,B,164, ,-18.791,9.938,-7.925,0.0,0.0,C,0.0,99.07
ATOM,356,CA, ,ILE,B,165, ,-21.073,12.201,-9.904,0.0,0.0,C,0.0,113.2
ATOM,357,CA, ,ALA,B,166, ,-21.11,9.79,-12.8,0.0,0.0,C,0.0,71.08
ATOM,358,CA, ,PHE,B,167, ,-22.015,6.992,-10.447,0.0,0.0,C,0.0,147.2
ATOM,359,CA, ,TYR,B,168, ,-25.147,8.654,-9.197,0.0,0.0,C,0.0,163.2
ATOM,360,CA, ,GLU,B,169, ,-26.23,9.898,-12.594,0.0,0.0,C,-1.0,129.1
ATOM,361,CA, ,GLU,B,170, ,-26.235,6.501,-14.222,0.0,0.0,C,-1.0,129.1
ATOM,362,CA, ,ARG,B,171, ,-27.941,4.985,-11.234,0.0,0.0,C,1.0,156.2
ATOM,363,CA, ,LEU,B,172, ,-30.927,7.315,-11.326,0.0,0.0,C,0.0,113.2
ATOM,364,CA, ,THR,B,173, ,-34.258,5.623,-11.372,0.0,0.0,C,0.0,101.1
ATOM,365,CA, ,TRP,B,174, ,-36.752,8.314,-11.72,0.0,0.0,C,0.0,186.2
ATOM,366,CA, ,HIS,B,175, ,-39.795,8.216,-9.528,0.0,0.0,C,0.25,137.1
ATOM,367,CA, ,ALA,B,176, ,-42.907,9.374,-11.262,0.0,0.0,C,0.0,71.08
ATOM,368,CA, ,TYR,B,177, ,-44.1,12.92,-10.854,0.0,0.0,C,0.0,163.2
ATOM,369,CA, ,PRO,B,178, ,-47.612,13.147,-9.668,0.0,0.0,C,0.0,97.12
ATOM,370,CA, ,GLU,B,179, ,-50.044,15.036,-11.838,0.0,0.0,C,-1.0,129.1
ATOM,371,CA, ,ASP,B,180, ,-51.8,16.254,-8.745,0.0,0.0,C,-1.0,115.1
ATOM,372,CA, ,ALA,B,181, ,-54.461,17.235,-11.184,0.0,0.0,C,0.0,71.08
ATOM,373,CA, ,GLU,B,182, ,-58.02,16.096,-11.055,0.0,0.0,C,-1.0,129.1
ATOM,374,CA, ,ASN,B,183, ,-59.692,15.274,-14.304,0.0,0.0,C,0.0,114.1
ATOM,375,CA, ,LYS,B,184, ,-63.092,13.778,-14.768,0.0,0.0,C,1.0,128.2
ATOM,376,CA, ,GLU,B,185, ,-63.786,11.714,-17.821,0.0,0.0,C,-1.0,129.1
ATOM,377,CA, ,LYS,B,186, ,-66.398,9.158,-18.7,0.0,0.0,C,1.0,128.2
ATOM,378,CA, ,GLU,B,187, ,-68.219,10.279,-15.627,0.0,0.0,C,-1.0,129.1
ATOM,379,CA, ,THR,B,188, ,-71.082,8.004,-14.816,0.0,0.0,C,0.0,101.1
ATOM,380,CA, ,ALA,B,189, ,-74.52,9.487,-14.916,0.0,0.0,C,0.0,71.08
ATOM,381,CA, ,LYS,B,190, ,-77.634,8.316,-13.198,0.0,0.0,C,1.0,128.2
ATOM,382,CA, ,SER,B,191, ,-80.359,7.16,-15.496,0.0,0.0,C,0.0,87.08
