atom_type1,atom_type2,sigma,lambda
ALA,ALA,0.504,0.73
ALA,ARG,0.58,0.365
ALA,ASN,0.536,0.581
ALA,ASP,0.531,0.554
ALA,CYS,0.526,0.6625
ALA,GLN,0.553,0.622
ALA,GLU,0.548,0.5945
ALA,GLY,0.477,0.6895
ALA,HIS,0.556,0.622
ALA,ILE,0.561,0.8515
ALA,LEU,0.561,0.8515
ALA,LYS,0.57,0.622
ALA,MET,0.561,0.784
ALA,PHE,0.57,0.865
ALA,PRO,0.53,0.865
ALA,SER,0.511,0.6625
ALA,THR,0.533,0.703
ALA,TRP,0.591,0.838
ALA,TYR,0.575,0.7975
ALA,VAL,0.545,0.811
ARG,ARG,0.656,0.0
ARG,ASN,0.612,0.216
ARG,ASP,0.607,0.189
ARG,CYS,0.602,0.2975
ARG,GLN,0.629,0.257
ARG,GLU,0.624,0.2295
ARG,GLY,0.553,0.3245
ARG,HIS,0.632,0.257
ARG,ILE,0.637,0.4865
ARG,LEU,0.637,0.4865
ARG,LYS,0.646,0.257
ARG,MET,0.637,0.419
ARG,PHE,0.646,0.5
ARG,PRO,0.606,0.5
ARG,SER,0.587,0.2975
ARG,THR,0.609,0.338
ARG,TRP,0.667,0.473
ARG,TYR,0.651,0.4325
ARG,VAL,0.621,0.446
ASN,ASN,0.568,0.432
ASN,ASP,0.563,0.405
ASN,CYS,0.558,0.5135
ASN,GLN,0.585,0.473
ASN,GLU,0.58,0.4455
ASN,GLY,0.509,0.5405
ASN,HIS,0.588,0.473
ASN,ILE,0.593,0.7025
ASN,LEU,0.593,0.7025
ASN,LYS,0.602,0.473
ASN,MET,0.593,0.635
ASN,PHE,0.602,0.716
ASN,PRO,0.562,0.716
ASN,SER,0.543,0.5135
ASN,THR,0.565,0.554
ASN,TRP,0.623,0.689
ASN,TYR,0.607,0.6485
ASN,VAL,0.577,0.662
ASP,ASP,0.558,0.378
ASP,CYS,0.553,0.4865
ASP,GLN,0.58,0.446
ASP,GLU,0.575,0.4185
ASP,GLY,0.504,0.5135
ASP,HIS,0.583,0.446
ASP,ILE,0.588,0.6755
ASP,LEU,0.588,0.6755
ASP,LYS,0.597,0.446
ASP,MET,0.588,0.608
ASP,PHE,0.597,0.689
ASP,PRO,0.557,0.689
ASP,SER,0.538,0.4865
ASP,THR,0.56,0.527
ASP,TRP,0.618,0.662
ASP,TYR,0.602,0.6215
ASP,VAL,0.572,0.635
CYS,CYS,0.548,0.595
CYS,GLN,0.575,0.5545
CYS,GLU,0.57,0.527
CYS,GLY,0.499,0.622
CYS,HIS,0.578,0.5545
CYS,ILE,0.583,0.784
CYS,LEU,0.583,0.784
CYS,LYS,0.592,0.5545
CYS,MET,0.583,0.7165
CYS,PHE,0.592,0.7975
CYS,PRO,0.552,0.7975
CYS,SER,0.533,0.595
CYS,THR,0.555,0.6355
CYS,TRP,0.613,0.7705
CYS,TYR,0.597,0.73
CYS,VAL,0.567,0.7435
GLN,GLN,0.602,0.514
GLN,GLU,0.597,0.4865
GLN,GLY,0.526,0.5815
GLN,HIS,0.605,0.514
GLN,ILE,0.61,0.7435
GLN,LEU,0.61,0.7435
GLN,LYS,0.619,0.514
GLN,MET,0.61,0.676
GLN,PHE,0.619,0.757
GLN,PRO,0.579,0.757
GLN,SER,0.56,0.5545
GLN,THR,0.582,0.595
GLN,TRP,0.64,0.73
GLN,TYR,0.624,0.6895
GLN,VAL,0.594,0.703
GLU,GLU,0.592,0.459
GLU,GLY,0.521,0.554
GLU,HIS,0.6,0.4865
GLU,ILE,0.605,0.716
GLU,LEU,0.605,0.716
GLU,LYS,0.614,0.4865
GLU,MET,0.605,0.6485
GLU,PHE,0.614,0.7295
GLU,PRO,0.574,0.7295
GLU,SER,0.555,0.527
GLU,THR,0.577,0.5675
GLU,TRP,0.635,0.7025
GLU,TYR,0.619,0.662
GLU,VAL,0.589,0.6755
GLY,GLY,0.45,0.649
GLY,HIS,0.529,0.5815
GLY,ILE,0.534,0.811
GLY,LEU,0.534,0.811
GLY,LYS,0.543,0.5815
GLY,MET,0.534,0.7435
GLY,PHE,0.543,0.8245
GLY,PRO,0.503,0.8245
GLY,SER,0.484,0.622
GLY,THR,0.506,0.6625
GLY,TRP,0.564,0.7975
GLY,TYR,0.548,0.757
GLY,VAL,0.518,0.7705
HIS,HIS,0.608,0.514
HIS,ILE,0.613,0.7435
HIS,LEU,0.613,0.7435
HIS,LYS,0.622,0.514
HIS,MET,0.613,0.676
HIS,PHE,0.622,0.757
HIS,PRO,0.582,0.757
HIS,SER,0.563,0.5545
HIS,THR,0.585,0.595
HIS,TRP,0.643,0.73
HIS,TYR,0.627,0.6895
HIS,VAL,0.597,0.703
ILE,ILE,0.618,0.973
ILE,LEU,0.618,0.973
ILE,LYS,0.627,0.7435
ILE,MET,0.618,0.9055
ILE,PHE,0.627,0.9865
ILE,PRO,0.587,0.9865
ILE,SER,0.568,0.784
ILE,THR,0.59,0.8245
ILE,TRP,0.648,0.9595
ILE,TYR,0.632,0.919
ILE,VAL,0.602,0.9325
LEU,LEU,0.618,0.973
LEU,LYS,0.627,0.7435
LEU,MET,0.618,0.9055
LEU,PHE,0.627,0.9865
LEU,PRO,0.587,0.9865
LEU,SER,0.568,0.784
LEU,THR,0.59,0.8245
LEU,TRP,0.648,0.9595
LEU,TYR,0.632,0.919
LEU,VAL,0.602,0.9325
LYS,LYS,0.636,0.514
LYS,MET,0.627,0.676
LYS,PHE,0.636,0.757
LYS,PRO,0.596,0.757
LYS,SER,0.577,0.5545
LYS,THR,0.599,0.595
LYS,TRP,0.657,0.73
LYS,TYR,0.641,0.6895
LYS,VAL,0.611,0.703
MET,MET,0.618,0.838
MET,PHE,0.627,0.919
MET,PRO,0.587,0.919
MET,SER,0.568,0.7165
MET,THR,0.59,0.757
MET,TRP,0.648,0.892
MET,TYR,0.632,0.8515
MET,VAL,0.602,0.865
PHE,PHE,0.636,1.0
PHE,PRO,0.596,1.0
PHE,SER,0.577,0.7975
PHE,THR,0.599,0.838
PHE,TRP,0.657,0.973
PHE,TYR,0.641,0.9325
PHE,VAL,0.611,0.946
PRO,PRO,0.556,1.0
PRO,SER,0.537,0.7975
PRO,THR,0.559,0.838
PRO,TRP,0.617,0.973
PRO,TYR,0.601,0.9325
PRO,VAL,0.571,0.946
SER,SER,0.518,0.595
SER,THR,0.54,0.6355
SER,TRP,0.598,0.7705
SER,TYR,0.582,0.73
SER,VAL,0.552,0.7435
THR,THR,0.562,0.676
THR,TRP,0.62,0.811
THR,TYR,0.604,0.7705
THR,VAL,0.574,0.784
TRP,TRP,0.678,0.946
TRP,TYR,0.662,0.9055
TRP,VAL,0.632,0.919
TYR,TYR,0.646,0.865
TYR,VAL,0.616,0.8785
VAL,VAL,0.586,0.892
